city,x,y
A,988.661610,294.470924
B,618.449233,353.216681
C,681.942811,417.473705
D,607.788214,215.131362
E,122.037746,595.792274
F,639.477945,914.686766
G,246.669654,897.203472
H,149.009005,706.321091
I,80.697287,834.660423
J,656.265145,243.357360